Workbook
Name DailyEvents: CALENDARIO!$C$7:$U$10,CALENDARIO!$C$12:$U$15,CALENDARIO!$C$17:$U$20,CALENDARIO!$C$22:$U$25,CALENDARIO!$C$27:$U$30,CALENDARIO!$C$32:$F$35
Name Dates: tblEvents[FECHA]
Name Dates: tblEvents[FECHA]
Name Events: tblEvents[NOMBRE DEL EVENTO]
Name Events: tblEvents[NOMBRE DEL EVENTO]
Name MonthNum: 'VERSIÓN DE IMPRESIÓN'!$C$3
Name MonthNum: CALENDARIO!$C$3
Name MonthView: CALENDARIO!$C$4:$U$35
Name SegmentaciónDeDatos_DÍA: #N/A
Name SegmentaciónDeDatos_MES: #N/A
Name StartDate: 'VERSIÓN DE IMPRESIÓN'!$F$3
Name StartDate: CALENDARIO!$F$3
Name TableRowStart: ROW(tblEvents[[#Headers],[FECHA]])
Name TableRowStart: ROW(tblEvents[[#Headers],[FECHA]])
Name ViewMonth: CALENDARIO!$F$2
Name ViewYear: CALENDARIO!$C$2

Sheet EVENTOS
B2: PLANIFICADOR DE EVENTOS
B3: DE LA COMUNIDAD MENSUALES
B8: FECHA | C8: DÍA | D8: MES | E8: NOMBRE DEL EVENTO
B9: 42552 | C9: =IF(ISBLANK(tblEvents[[#This Row],[FECHA]]),"",UPPER(TEXT(tblEvents[[#This Row],[FECHA]],"ddd"))) -> VIE | D9: =IF(ISBLANK(tblEvents[[#This Row],[FECHA]]),"",UPPER(TEXT(tblEvents[[#This Row],[FECHA]],"mmm"))) -> JUL | E9: Jardín comunitario
B10: 42552 | C10: =IF(ISBLANK(tblEvents[[#This Row],[FECHA]]),"",UPPER(TEXT(tblEvents[[#This Row],[FECHA]],"ddd"))) -> VIE | D10: =IF(ISBLANK(tblEvents[[#This Row],[FECHA]]),"",UPPER(TEXT(tblEvents[[#This Row],[FECHA]],"mmm"))) -> JUL | E10: Ayuntamiento
B11: 42553 | C11: =IF(ISBLANK(tblEvents[[#This Row],[FECHA]]),"",UPPER(TEXT(tblEvents[[#This Row],[FECHA]],"ddd"))) -> SÁB | D11: =IF(ISBLANK(tblEvents[[#This Row],[FECHA]]),"",UPPER(TEXT(tblEvents[[#This Row],[FECHA]],"mmm"))) -> JUL | E11: Jardín comunitario
B12: 42554 | C12: =IF(ISBLANK(tblEvents[[#This Row],[FECHA]]),"",UPPER(TEXT(tblEvents[[#This Row],[FECHA]],"ddd"))) -> DOM | D12: =IF(ISBLANK(tblEvents[[#This Row],[FECHA]]),"",UPPER(TEXT(tblEvents[[#This Row],[FECHA]],"mmm"))) -> JUL | E12: Noche de cine en el parque
B13: 42559 | C13: =IF(ISBLANK(tblEvents[[#This Row],[FECHA]]),"",UPPER(TEXT(tblEvents[[#This Row],[FECHA]],"ddd"))) -> VIE | D13: =IF(ISBLANK(tblEvents[[#This Row],[FECHA]]),"",UPPER(TEXT(tblEvents[[#This Row],[FECHA]],"mmm"))) -> JUL | E13: Ayuntamiento
B14: 42562 | C14: =IF(ISBLANK(tblEvents[[#This Row],[FECHA]]),"",UPPER(TEXT(tblEvents[[#This Row],[FECHA]],"ddd"))) -> LUN | D14: =IF(ISBLANK(tblEvents[[#This Row],[FECHA]]),"",UPPER(TEXT(tblEvents[[#This Row],[FECHA]],"mmm"))) -> JUL | E14: Comida en la Cámara de Comercio
B15: 42563 | C15: =IF(ISBLANK(tblEvents[[#This Row],[FECHA]]),"",UPPER(TEXT(tblEvents[[#This Row],[FECHA]],"ddd"))) -> MAR | D15: =IF(ISBLANK(tblEvents[[#This Row],[FECHA]]),"",UPPER(TEXT(tblEvents[[#This Row],[FECHA]],"mmm"))) -> JUL | E15: Muestra de antigüedades
B16: 42565 | C16: =IF(ISBLANK(tblEvents[[#This Row],[FECHA]]),"",UPPER(TEXT(tblEvents[[#This Row],[FECHA]],"ddd"))) -> JUE | D16: =IF(ISBLANK(tblEvents[[#This Row],[FECHA]]),"",UPPER(TEXT(tblEvents[[#This Row],[FECHA]],"mmm"))) -> JUL | E16: Taller comunitario
B17: 42566 | C17: =IF(ISBLANK(tblEvents[[#This Row],[FECHA]]),"",UPPER(TEXT(tblEvents[[#This Row],[FECHA]],"ddd"))) -> VIE | D17: =IF(ISBLANK(tblEvents[[#This Row],[FECHA]]),"",UPPER(TEXT(tblEvents[[#This Row],[FECHA]],"mmm"))) -> JUL | E17: Ayuntamiento
B18: 42570 | C18: =IF(ISBLANK(tblEvents[[#This Row],[FECHA]]),"",UPPER(TEXT(tblEvents[[#This Row],[FECHA]],"ddd"))) -> MAR | D18: =IF(ISBLANK(tblEvents[[#This Row],[FECHA]]),"",UPPER(TEXT(tblEvents[[#This Row],[FECHA]],"mmm"))) -> JUL | E18: Taller de Planificación estratégica
B19: 42571 | C19: =IF(ISBLANK(tblEvents[[#This Row],[FECHA]]),"",UPPER(TEXT(tblEvents[[#This Row],[FECHA]],"ddd"))) -> MIÉ | D19: =IF(ISBLANK(tblEvents[[#This Row],[FECHA]]),"",UPPER(TEXT(tblEvents[[#This Row],[FECHA]],"mmm"))) -> JUL | E19: Limpieza del parque
B20: 42573 | C20: =IF(ISBLANK(tblEvents[[#This Row],[FECHA]]),"",UPPER(TEXT(tblEvents[[#This Row],[FECHA]],"ddd"))) -> VIE | D20: =IF(ISBLANK(tblEvents[[#This Row],[FECHA]]),"",UPPER(TEXT(tblEvents[[#This Row],[FECHA]],"mmm"))) -> JUL | E20: Ayuntamiento
... B38: 42888 | C38: =IF(ISBLANK(tblEvents[[#This Row],[FECHA]]),"",UPPER(TEXT(tblEvents[[#This Row],[FECHA]],"ddd"))) -> VIE | D38: =IF(ISBLANK(tblEvents[[#This Row],[FECHA]]),"",UPPER(TEXT(tblEvents[[#This Row],[FECHA]],"mmm"))) -> JUN | E38: Ayuntamiento

Sheet CALENDARIO
C2: 2016 | F2: =LOOKUP(MonthNum,tblMonths[NÚMERO],tblMonths[MES]) -> JULIO
C3: 7 | F3: =DATE(ViewYear,MonthNum,1) -> 42552 | I3: =WEEKDAY(StartDate) -> 6
C4: LUN. | F4: MAR. | I4: MIÉ. | L4: JUE. | O4: VIE. | R4: SÁB. | U4: DOM.
C6: =StartDate-(WEEKDAY(StartDate,2))+{0;1;2;3;4;5}*7 +{2,3,4,5,6,7,1}-3+COLUMN(B1) -> 42548 | F6: =StartDate-(WEEKDAY(StartDate,2))+{0;1;2;3;4;5}*7 +{2,3,4,5,6,7,1}-3+COLUMN(C1) -> 42549 | I6: =StartDate-(WEEKDAY(StartDate,2))+{0;1;2;3;4;5}*7 +{2,3,4,5,6,7,1}-3+COLUMN(D1) -> 42550 | L6: =StartDate-(WEEKDAY(StartDate,2))+{0;1;2;3;4;5}*7 +{2,3,4,5,6,7,1}-3+COLUMN(E1) -> 42551 | O6: =StartDate-(WEEKDAY(StartDate,2))+{0;1;2;3;4;5}*7 +{2,3,4,5,6,7,1}-3+COLUMN(F1) -> 42552 | R6: =StartDate-(WEEKDAY(StartDate,2))+{0;1;2;3;4;5}*7 +{2,3,4,5,6,7,1}-3+COLUMN(G1) -> 42553 | U6: =StartDate-(WEEKDAY(StartDate,2))+{0;1;2;3;4;5}*7 +{2,3,4,5,6,7,1}-3+COLUMN(H1) -> 42554
C7: {=IFERROR(INDEX(tblEvents[],SMALL(IF(Dates=C$6,ROW(Dates)),ROW(1:1))-TableRowStart,4),"")} | F7: {=IFERROR(INDEX(tblEvents[],SMALL(IF(Dates=F$6,ROW(Dates)),ROW(1:1))-TableRowStart,4),"")} | I7: {=IFERROR(INDEX(tblEvents[],SMALL(IF(Dates=I$6,ROW(Dates)),ROW(1:1))-TableRowStart,4),"")} | L7: {=IFERROR(INDEX(tblEvents[],SMALL(IF(Dates=L$6,ROW(Dates)),ROW(1:1))-TableRowStart,4),"")} | O7: {=IFERROR(INDEX(tblEvents[],SMALL(IF(Dates=O$6,ROW(Dates)),ROW(1:1))-TableRowStart,4),"")} -> Jardín comunitario | R7: {=IFERROR(INDEX(tblEvents[],SMALL(IF(Dates=R$6,ROW(Dates)),ROW(1:1))-TableRowStart,4),"")} -> Jardín comunitario | U7: {=IFERROR(INDEX(tblEvents[],SMALL(IF(Dates=U$6,ROW(Dates)),ROW(1:1))-TableRowStart,4),"")} -> Noche de cine en el parque
C8: {=IFERROR(INDEX(tblEvents[],SMALL(IF(Dates=C$6,ROW(Dates)),ROW(2:2))-TableRowStart,4),"")} | F8: {=IFERROR(INDEX(tblEvents[],SMALL(IF(Dates=F$6,ROW(Dates)),ROW(2:2))-TableRowStart,4),"")} | I8: {=IFERROR(INDEX(tblEvents[],SMALL(IF(Dates=I$6,ROW(Dates)),ROW(2:2))-TableRowStart,4),"")} | L8: {=IFERROR(INDEX(tblEvents[],SMALL(IF(Dates=L$6,ROW(Dates)),ROW(2:2))-TableRowStart,4),"")} | O8: {=IFERROR(INDEX(tblEvents[],SMALL(IF(Dates=O$6,ROW(Dates)),ROW(2:2))-TableRowStart,4),"")} -> Ayuntamiento | R8: {=IFERROR(INDEX(tblEvents[],SMALL(IF(Dates=R$6,ROW(Dates)),ROW(2:2))-TableRowStart,4),"")} | U8: {=IFERROR(INDEX(tblEvents[],SMALL(IF(Dates=U$6,ROW(Dates)),ROW(2:2))-TableRowStart,4),"")}
C9: {=IFERROR(INDEX(tblEvents[],SMALL(IF(Dates=C$6,ROW(Dates)),ROW(3:3))-TableRowStart,4),"")} | F9: {=IFERROR(INDEX(tblEvents[],SMALL(IF(Dates=F$6,ROW(Dates)),ROW(3:3))-TableRowStart,4),"")} | I9: {=IFERROR(INDEX(tblEvents[],SMALL(IF(Dates=I$6,ROW(Dates)),ROW(3:3))-TableRowStart,4),"")} | L9: {=IFERROR(INDEX(tblEvents[],SMALL(IF(Dates=L$6,ROW(Dates)),ROW(3:3))-TableRowStart,4),"")} | O9: {=IFERROR(INDEX(tblEvents[],SMALL(IF(Dates=O$6,ROW(Dates)),ROW(3:3))-TableRowStart,4),"")} | R9: {=IFERROR(INDEX(tblEvents[],SMALL(IF(Dates=R$6,ROW(Dates)),ROW(3:3))-TableRowStart,4),"")} | U9: {=IFERROR(INDEX(tblEvents[],SMALL(IF(Dates=U$6,ROW(Dates)),ROW(3:3))-TableRowStart,4),"")}
C10: {=IFERROR(INDEX(tblEvents[],SMALL(IF(Dates=C$6,ROW(Dates)),ROW(#REF!))-TableRowStart,4),"")} | F10: {=IFERROR(INDEX(tblEvents[],SMALL(IF(Dates=F$6,ROW(Dates)),ROW(#REF!))-TableRowStart,4),"")} | I10: {=IFERROR(INDEX(tblEvents[],SMALL(IF(Dates=I$6,ROW(Dates)),ROW(#REF!))-TableRowStart,4),"")} | L10: {=IFERROR(INDEX(tblEvents[],SMALL(IF(Dates=L$6,ROW(Dates)),ROW(#REF!))-TableRowStart,4),"")} | O10: {=IFERROR(INDEX(tblEvents[],SMALL(IF(Dates=O$6,ROW(Dates)),ROW(#REF!))-TableRowStart,4),"")} | R10: {=IFERROR(INDEX(tblEvents[],SMALL(IF(Dates=R$6,ROW(Dates)),ROW(#REF!))-TableRowStart,4),"")} | U10: {=IFERROR(INDEX(tblEvents[],SMALL(IF(Dates=U$6,ROW(Dates)),ROW(#REF!))-TableRowStart,4),"")}
C11: =U6+1 -> 42555 | F11: =C11+1 -> 42556 | I11: =F11+1 -> 42557 | L11: =I11+1 -> 42558 | O11: =L11+1 -> 42559 | R11: =O11+1 -> 42560 | U11: =R11+1 -> 42561
C12: {=IFERROR(INDEX(tblEvents[],SMALL(IF(Dates=C$11,ROW(Dates)),ROW(1:1))-TableRowStart,4),"")} | F12: {=IFERROR(INDEX(tblEvents[],SMALL(IF(Dates=F$11,ROW(Dates)),ROW(1:1))-TableRowStart,4),"")} | I12: {=IFERROR(INDEX(tblEvents[],SMALL(IF(Dates=I$11,ROW(Dates)),ROW(1:1))-TableRowStart,4),"")} | L12: {=IFERROR(INDEX(tblEvents[],SMALL(IF(Dates=L$11,ROW(Dates)),ROW(1:1))-TableRowStart,4),"")} | O12: {=IFERROR(INDEX(tblEvents[],SMALL(IF(Dates=O$11,ROW(Dates)),ROW(1:1))-TableRowStart,4),"")} -> Ayuntamiento | R12: {=IFERROR(INDEX(tblEvents[],SMALL(IF(Dates=R$11,ROW(Dates)),ROW(1:1))-TableRowStart,4),"")} | U12: {=IFERROR(INDEX(tblEvents[],SMALL(IF(Dates=U$11,ROW(Dates)),ROW(1:1))-TableRowStart,4),"")}
C13: {=IFERROR(INDEX(tblEvents[],SMALL(IF(Dates=C$11,ROW(Dates)),ROW(2:2))-TableRowStart,4),"")} | F13: {=IFERROR(INDEX(tblEvents[],SMALL(IF(Dates=F$11,ROW(Dates)),ROW(2:2))-TableRowStart,4),"")} | I13: {=IFERROR(INDEX(tblEvents[],SMALL(IF(Dates=I$11,ROW(Dates)),ROW(2:2))-TableRowStart,4),"")} | L13: {=IFERROR(INDEX(tblEvents[],SMALL(IF(Dates=L$11,ROW(Dates)),ROW(2:2))-TableRowStart,4),"")} | O13: {=IFERROR(INDEX(tblEvents[],SMALL(IF(Dates=O$11,ROW(Dates)),ROW(2:2))-TableRowStart,4),"")} | R13: {=IFERROR(INDEX(tblEvents[],SMALL(IF(Dates=R$11,ROW(Dates)),ROW(2:2))-TableRowStart,4),"")} | U13: {=IFERROR(INDEX(tblEvents[],SMALL(IF(Dates=U$11,ROW(Dates)),ROW(2:2))-TableRowStart,4),"")}
C14: {=IFERROR(INDEX(tblEvents[],SMALL(IF(Dates=C$11,ROW(Dates)),ROW(3:3))-TableRowStart,4),"")} | F14: {=IFERROR(INDEX(tblEvents[],SMALL(IF(Dates=F$11,ROW(Dates)),ROW(3:3))-TableRowStart,4),"")} | I14: {=IFERROR(INDEX(tblEvents[],SMALL(IF(Dates=I$11,ROW(Dates)),ROW(3:3))-TableRowStart,4),"")} | L14: {=IFERROR(INDEX(tblEvents[],SMALL(IF(Dates=L$11,ROW(Dates)),ROW(3:3))-TableRowStart,4),"")} | O14: {=IFERROR(INDEX(tblEvents[],SMALL(IF(Dates=O$11,ROW(Dates)),ROW(3:3))-TableRowStart,4),"")} | R14: {=IFERROR(INDEX(tblEvents[],SMALL(IF(Dates=R$11,ROW(Dates)),ROW(3:3))-TableRowStart,4),"")} | U14: {=IFERROR(INDEX(tblEvents[],SMALL(IF(Dates=U$11,ROW(Dates)),ROW(3:3))-TableRowStart,4),"")}
C15: {=IFERROR(INDEX(tblEvents[],SMALL(IF(Dates=C$11,ROW(Dates)),ROW(#REF!))-TableRowStart,4),"")} | F15: {=IFERROR(INDEX(tblEvents[],SMALL(IF(Dates=F$11,ROW(Dates)),ROW(#REF!))-TableRowStart,4),"")} | I15: {=IFERROR(INDEX(tblEvents[],SMALL(IF(Dates=I$11,ROW(Dates)),ROW(#REF!))-TableRowStart,4),"")} | L15: {=IFERROR(INDEX(tblEvents[],SMALL(IF(Dates=L$11,ROW(Dates)),ROW(#REF!))-TableRowStart,4),"")} | O15: {=IFERROR(INDEX(tblEvents[],SMALL(IF(Dates=O$11,ROW(Dates)),ROW(#REF!))-TableRowStart,4),"")} | R15: {=IFERROR(INDEX(tblEvents[],SMALL(IF(Dates=R$11,ROW(Dates)),ROW(#REF!))-TableRowStart,4),"")} | U15: {=IFERROR(INDEX(tblEvents[],SMALL(IF(Dates=U$11,ROW(Dates)),ROW(#REF!))-TableRowStart,4),"")}
C16: =U11+1 -> 42562 | F16: =C16+1 -> 42563 | I16: =F16+1 -> 42564 | L16: =I16+1 -> 42565 | O16: =L16+1 -> 42566 | R16: =O16+1 -> 42567 | U16: =R16+1 -> 42568
C17: {=IFERROR(INDEX(tblEvents[],SMALL(IF(Dates=C$16,ROW(Dates)),ROW(1:1))-TableRowStart,4),"")} -> Comida en la Cámara de Comercio | F17: {=IFERROR(INDEX(tblEvents[],SMALL(IF(Dates=F$16,ROW(Dates)),ROW(1:1))-TableRowStart,4),"")} -> Muestra de antigüedades | I17: {=IFERROR(INDEX(tblEvents[],SMALL(IF(Dates=I$16,ROW(Dates)),ROW(1:1))-TableRowStart,4),"")} | L17: {=IFERROR(INDEX(tblEvents[],SMALL(IF(Dates=L$16,ROW(Dates)),ROW(1:1))-TableRowStart,4),"")} -> Taller comunitario | O17: {=IFERROR(INDEX(tblEvents[],SMALL(IF(Dates=O$16,ROW(Dates)),ROW(1:1))-TableRowStart,4),"")} -> Ayuntamiento | R17: {=IFERROR(INDEX(tblEvents[],SMALL(IF(Dates=R$16,ROW(Dates)),ROW(1:1))-TableRowStart,4),"")} | U17: {=IFERROR(INDEX(tblEvents[],SMALL(IF(Dates=U$16,ROW(Dates)),ROW(1:1))-TableRowStart,4),"")}
C18: {=IFERROR(INDEX(tblEvents[],SMALL(IF(Dates=C$16,ROW(Dates)),ROW(2:2))-TableRowStart,4),"")} | F18: {=IFERROR(INDEX(tblEvents[],SMALL(IF(Dates=F$16,ROW(Dates)),ROW(2:2))-TableRowStart,4),"")} | I18: {=IFERROR(INDEX(tblEvents[],SMALL(IF(Dates=I$16,ROW(Dates)),ROW(2:2))-TableRowStart,4),"")} | L18: {=IFERROR(INDEX(tblEvents[],SMALL(IF(Dates=L$16,ROW(Dates)),ROW(2:2))-TableRowStart,4),"")} | O18: {=IFERROR(INDEX(tblEvents[],SMALL(IF(Dates=O$16,ROW(Dates)),ROW(2:2))-TableRowStart,4),"")} | R18: {=IFERROR(INDEX(tblEvents[],SMALL(IF(Dates=R$16,ROW(Dates)),ROW(2:2))-TableRowStart,4),"")} | U18: {=IFERROR(INDEX(tblEvents[],SMALL(IF(Dates=U$16,ROW(Dates)),ROW(2:2))-TableRowStart,4),"")}
C19: {=IFERROR(INDEX(tblEvents[],SMALL(IF(Dates=C$16,ROW(Dates)),ROW(3:3))-TableRowStart,4),"")} | F19: {=IFERROR(INDEX(tblEvents[],SMALL(IF(Dates=F$16,ROW(Dates)),ROW(3:3))-TableRowStart,4),"")} | I19: {=IFERROR(INDEX(tblEvents[],SMALL(IF(Dates=I$16,ROW(Dates)),ROW(3:3))-TableRowStart,4),"")} | L19: {=IFERROR(INDEX(tblEvents[],SMALL(IF(Dates=L$16,ROW(Dates)),ROW(3:3))-TableRowStart,4),"")} | O19: {=IFERROR(INDEX(tblEvents[],SMALL(IF(Dates=O$16,ROW(Dates)),ROW(3:3))-TableRowStart,4),"")} | R19: {=IFERROR(INDEX(tblEvents[],SMALL(IF(Dates=R$16,ROW(Dates)),ROW(3:3))-TableRowStart,4),"")} | U19: {=IFERROR(INDEX(tblEvents[],SMALL(IF(Dates=U$16,ROW(Dates)),ROW(3:3))-TableRowStart,4),"")}
C20: {=IFERROR(INDEX(tblEvents[],SMALL(IF(Dates=C$16,ROW(Dates)),ROW(#REF!))-TableRowStart,4),"")} | F20: {=IFERROR(INDEX(tblEvents[],SMALL(IF(Dates=F$16,ROW(Dates)),ROW(#REF!))-TableRowStart,4),"")} | I20: {=IFERROR(INDEX(tblEvents[],SMALL(IF(Dates=I$16,ROW(Dates)),ROW(#REF!))-TableRowStart,4),"")} | L20: {=IFERROR(INDEX(tblEvents[],SMALL(IF(Dates=L$16,ROW(Dates)),ROW(#REF!))-TableRowStart,4),"")} | O20: {=IFERROR(INDEX(tblEvents[],SMALL(IF(Dates=O$16,ROW(Dates)),ROW(#REF!))-TableRowStart,4),"")} | R20: {=IFERROR(INDEX(tblEvents[],SMALL(IF(Dates=R$16,ROW(Dates)),ROW(#REF!))-TableRowStart,4),"")} | U20: {=IFERROR(INDEX(tblEvents[],SMALL(IF(Dates=U$16,ROW(Dates)),ROW(#REF!))-TableRowStart,4),"")}
C21: =U16+1 -> 42569 | F21: =C21+1 -> 42570 | I21: =F21+1 -> 42571 | L21: =I21+1 -> 42572 | O21: =L21+1 -> 42573 | R21: =O21+1 -> 42574 | U21: =R21+1 -> 42575
C22: {=IFERROR(INDEX(tblEvents[],SMALL(IF(Dates=C$21,ROW(Dates)),ROW(1:1))-TableRowStart,4),"")} | F22: {=IFERROR(INDEX(tblEvents[],SMALL(IF(Dates=F$21,ROW(Dates)),ROW(1:1))-TableRowStart,4),"")} -> Taller de Planificación estratégica | I22: {=IFERROR(INDEX(tblEvents[],SMALL(IF(Dates=I$21,ROW(Dates)),ROW(1:1))-TableRowStart,4),"")} -> Limpieza del parque | L22: {=IFERROR(INDEX(tblEvents[],SMALL(IF(Dates=L$21,ROW(Dates)),ROW(1:1))-TableRowStart,4),"")} | O22: {=IFERROR(INDEX(tblEvents[],SMALL(IF(Dates=O$21,ROW(Dates)),ROW(1:1))-TableRowStart,4),"")} -> Ayuntamiento | R22: {=IFERROR(INDEX(tblEvents[],SMALL(IF(Dates=R$21,ROW(Dates)),ROW(1:1))-TableRowStart,4),"")} | U22: {=IFERROR(INDEX(tblEvents[],SMALL(IF(Dates=U$21,ROW(Dates)),ROW(1:1))-TableRowStart,4),"")}
C23: {=IFERROR(INDEX(tblEvents[],SMALL(IF(Dates=C$21,ROW(Dates)),ROW(2:2))-TableRowStart,4),"")} | F23: {=IFERROR(INDEX(tblEvents[],SMALL(IF(Dates=F$21,ROW(Dates)),ROW(2:2))-TableRowStart,4),"")} | I23: {=IFERROR(INDEX(tblEvents[],SMALL(IF(Dates=I$21,ROW(Dates)),ROW(2:2))-TableRowStart,4),"")} | L23: {=IFERROR(INDEX(tblEvents[],SMALL(IF(Dates=L$21,ROW(Dates)),ROW(2:2))-TableRowStart,4),"")} | O23: {=IFERROR(INDEX(tblEvents[],SMALL(IF(Dates=O$21,ROW(Dates)),ROW(2:2))-TableRowStart,4),"")} | R23: {=IFERROR(INDEX(tblEvents[],SMALL(IF(Dates=R$21,ROW(Dates)),ROW(2:2))-TableRowStart,4),"")} | U23: {=IFERROR(INDEX(tblEvents[],SMALL(IF(Dates=U$21,ROW(Dates)),ROW(2:2))-TableRowStart,4),"")}
C24: {=IFERROR(INDEX(tblEvents[],SMALL(IF(Dates=C$21,ROW(Dates)),ROW(3:3))-TableRowStart,4),"")} | F24: {=IFERROR(INDEX(tblEvents[],SMALL(IF(Dates=F$21,ROW(Dates)),ROW(3:3))-TableRowStart,4),"")} | I24: {=IFERROR(INDEX(tblEvents[],SMALL(IF(Dates=I$21,ROW(Dates)),ROW(3:3))-TableRowStart,4),"")} | L24: {=IFERROR(INDEX(tblEvents[],SMALL(IF(Dates=L$21,ROW(Dates)),ROW(3:3))-TableRowStart,4),"")} | O24: {=IFERROR(INDEX(tblEvents[],SMALL(IF(Dates=O$21,ROW(Dates)),ROW(3:3))-TableRowStart,4),"")} | R24: {=IFERROR(INDEX(tblEvents[],SMALL(IF(Dates=R$21,ROW(Dates)),ROW(3:3))-TableRowStart,4),"")} | U24: {=IFERROR(INDEX(tblEvents[],SMALL(IF(Dates=U$21,ROW(Dates)),ROW(3:3))-TableRowStart,4),"")}
C25: {=IFERROR(INDEX(tblEvents[],SMALL(IF(Dates=C$21,ROW(Dates)),ROW(#REF!))-TableRowStart,4),"")} | F25: {=IFERROR(INDEX(tblEvents[],SMALL(IF(Dates=F$21,ROW(Dates)),ROW(#REF!))-TableRowStart,4),"")} | I25: {=IFERROR(INDEX(tblEvents[],SMALL(IF(Dates=I$21,ROW(Dates)),ROW(#REF!))-TableRowStart,4),"")} | L25: {=IFERROR(INDEX(tblEvents[],SMALL(IF(Dates=L$21,ROW(Dates)),ROW(#REF!))-TableRowStart,4),"")} | O25: {=IFERROR(INDEX(tblEvents[],SMALL(IF(Dates=O$21,ROW(Dates)),ROW(#REF!))-TableRowStart,4),"")} | R25: {=IFERROR(INDEX(tblEvents[],SMALL(IF(Dates=R$21,ROW(Dates)),ROW(#REF!))-TableRowStart,4),"")} | U25: {=IFERROR(INDEX(tblEvents[],SMALL(IF(Dates=U$21,ROW(Dates)),ROW(#REF!))-TableRowStart,4),"")}
C26: =U21+1 -> 42576 | F26: =C26+1 -> 42577 | I26: =F26+1 -> 42578 | L26: =I26+1 -> 42579 | O26: =L26+1 -> 42580 | R26: =O26+1 -> 42581 | U26: =R26+1 -> 42582
C27: {=IFERROR(INDEX(tblEvents[],SMALL(IF(Dates=C$26,ROW(Dates)),ROW(1:1))-TableRowStart,4),"")} | F27: {=IFERROR(INDEX(tblEvents[],SMALL(IF(Dates=F$26,ROW(Dates)),ROW(1:1))-TableRowStart,4),"")} -> Excursión a pie por el centro | I27: {=IFERROR(INDEX(tblEvents[],SMALL(IF(Dates=I$26,ROW(Dates)),ROW(1:1))-TableRowStart,4),"")} | L27: {=IFERROR(INDEX(tblEvents[],SMALL(IF(Dates=L$26,ROW(Dates)),ROW(1:1))-TableRowStart,4),"")} | O27: {=IFERROR(INDEX(tblEvents[],SMALL(IF(Dates=O$26,ROW(Dates)),ROW(1:1))-TableRowStart,4),"")} -> Ayuntamiento | R27: {=IFERROR(INDEX(tblEvents[],SMALL(IF(Dates=R$26,ROW(Dates)),ROW(1:1))-TableRowStart,4),"")} | U27: {=IFERROR(INDEX(tblEvents[],SMALL(IF(Dates=U$26,ROW(Dates)),ROW(1:1))-TableRowStart,4),"")}
C28: {=IFERROR(INDEX(tblEvents[],SMALL(IF(Dates=C$26,ROW(Dates)),ROW(2:2))-TableRowStart,4),"")} | F28: {=IFERROR(INDEX(tblEvents[],SMALL(IF(Dates=F$26,ROW(Dates)),ROW(2:2))-TableRowStart,4),"")} -> Ronda de bares | I28: {=IFERROR(INDEX(tblEvents[],SMALL(IF(Dates=I$26,ROW(Dates)),ROW(2:2))-TableRowStart,4),"")} | L28: {=IFERROR(INDEX(tblEvents[],SMALL(IF(Dates=L$26,ROW(Dates)),ROW(2:2))-TableRowStart,4),"")} | O28: {=IFERROR(INDEX(tblEvents[],SMALL(IF(Dates=O$26,ROW(Dates)),ROW(2:2))-TableRowStart,4),"")} | R28: {=IFERROR(INDEX(tblEvents[],SMALL(IF(Dates=R$26,ROW(Dates)),ROW(2:2))-TableRowStart,4),"")} | U28: {=IFERROR(INDEX(tblEvents[],SMALL(IF(Dates=U$26,ROW(Dates)),ROW(2:2))-TableRowStart,4),"")}
C29: {=IFERROR(INDEX(tblEvents[],SMALL(IF(Dates=C$26,ROW(Dates)),ROW(3:3))-TableRowStart,4),"")} | F29: {=IFERROR(INDEX(tblEvents[],SMALL(IF(Dates=F$26,ROW(Dates)),ROW(3:3))-TableRowStart,4),"")} | I29: {=IFERROR(INDEX(tblEvents[],SMALL(IF(Dates=I$26,ROW(Dates)),ROW(3:3))-TableRowStart,4),"")} | L29: {=IFERROR(INDEX(tblEvents[],SMALL(IF(Dates=L$26,ROW(Dates)),ROW(3:3))-TableRowStart,4),"")} | O29: {=IFERROR(INDEX(tblEvents[],SMALL(IF(Dates=O$26,ROW(Dates)),ROW(3:3))-TableRowStart,4),"")} | R29: {=IFERROR(INDEX(tblEvents[],SMALL(IF(Dates=R$26,ROW(Dates)),ROW(3:3))-TableRowStart,4),"")} | U29: {=IFERROR(INDEX(tblEvents[],SMALL(IF(Dates=U$26,ROW(Dates)),ROW(3:3))-TableRowStart,4),"")}
C30: {=IFERROR(INDEX(tblEvents[],SMALL(IF(Dates=C$26,ROW(Dates)),ROW(#REF!))-TableRowStart,4),"")} | F30: {=IFERROR(INDEX(tblEvents[],SMALL(IF(Dates=F$26,ROW(Dates)),ROW(#REF!))-TableRowStart,4),"")} | I30: {=IFERROR(INDEX(tblEvents[],SMALL(IF(Dates=I$26,ROW(Dates)),ROW(#REF!))-TableRowStart,4),"")} | L30: {=IFERROR(INDEX(tblEvents[],SMALL(IF(Dates=L$26,ROW(Dates)),ROW(#REF!))-TableRowStart,4),"")} | O30: {=IFERROR(INDEX(tblEvents[],SMALL(IF(Dates=O$26,ROW(Dates)),ROW(#REF!))-TableRowStart,4),"")} | R30: {=IFERROR(INDEX(tblEvents[],SMALL(IF(Dates=R$26,ROW(Dates)),ROW(#REF!))-TableRowStart,4),"")} | U30: {=IFERROR(INDEX(tblEvents[],SMALL(IF(Dates=U$26,ROW(Dates)),ROW(#REF!))-TableRowStart,4),"")}
C31: =U26+1 -> 42583 | F31: =C31+1 -> 42584 | I31: NOTAS:
C32: {=IFERROR(INDEX(tblEvents[],SMALL(IF(Dates=C$31,ROW(Dates)),ROW(1:1))-TableRowStart,4),"")} | F32: {=IFERROR(INDEX(tblEvents[],SMALL(IF(Dates=F$31,ROW(Dates)),ROW(1:1))-TableRowStart,4),"")}
C33: {=IFERROR(INDEX(tblEvents[],SMALL(IF(Dates=C$31,ROW(Dates)),ROW(2:2))-TableRowStart,4),"")} | F33: {=IFERROR(INDEX(tblEvents[],SMALL(IF(Dates=F$31,ROW(Dates)),ROW(2:2))-TableRowStart,4),"")}
C34: {=IFERROR(INDEX(tblEvents[],SMALL(IF(Dates=C$31,ROW(Dates)),ROW(3:3))-TableRowStart,4),"")} | F34: {=IFERROR(INDEX(tblEvents[],SMALL(IF(Dates=F$31,ROW(Dates)),ROW(3:3))-TableRowStart,4),"")}
C35: {=IFERROR(INDEX(tblEvents[],SMALL(IF(Dates=C$31,ROW(Dates)),ROW(#REF!))-TableRowStart,4),"")} | F35: {=IFERROR(INDEX(tblEvents[],SMALL(IF(Dates=F$31,ROW(Dates)),ROW(#REF!))-TableRowStart,4),"")}

Sheet VERSIÓN DE IMPRESIÓN
C2: =ViewYear -> 2016 | F2: =ViewMonth -> JULIO | G2: =CALENDARIO!G2 -> 0 | H2: =CALENDARIO!H2 -> 0 | I2: =CALENDARIO!I2 -> 0 | J2: =CALENDARIO!J2 -> 0 | K2: =CALENDARIO!K2 -> 0 | L2: =CALENDARIO!L2 -> 0
C4: LUN. | F4: MAR. | I4: MIÉ. | L4: JUE. | O4: VIE. | R4: SÁB. | U4: DOM.
C6: =CALENDARIO!C6 -> 42548 | D6: =CALENDARIO!D6 -> 0 | E6: =CALENDARIO!E6 -> 0 | F6: =CALENDARIO!F6 -> 42549 | G6: =CALENDARIO!G6 -> 0 | H6: =CALENDARIO!H6 -> 0 | I6: =CALENDARIO!I6 -> 42550 | J6: =CALENDARIO!J6 -> 0 | ... U6: =CALENDARIO!U6 -> 42554
C7: =CALENDARIO!C7 | D7: =CALENDARIO!D7 -> 0 | E7: =CALENDARIO!E7 -> 0 | F7: =CALENDARIO!F7 | G7: =CALENDARIO!G7 -> 0 | H7: =CALENDARIO!H7 -> 0 | I7: =CALENDARIO!I7 | J7: =CALENDARIO!J7 -> 0 | ... U7: =CALENDARIO!U7 -> Noche de cine en el parque
C8: =CALENDARIO!C8 | D8: =CALENDARIO!D8 -> 0 | E8: =CALENDARIO!E8 -> 0 | F8: =CALENDARIO!F8 | G8: =CALENDARIO!G8 -> 0 | H8: =CALENDARIO!H8 -> 0 | I8: =CALENDARIO!I8 | J8: =CALENDARIO!J8 -> 0 | ... U8: =CALENDARIO!U8
C9: =CALENDARIO!C9 | D9: =CALENDARIO!D9 -> 0 | E9: =CALENDARIO!E9 -> 0 | F9: =CALENDARIO!F9 | G9: =CALENDARIO!G9 -> 0 | H9: =CALENDARIO!H9 -> 0 | I9: =CALENDARIO!I9 | J9: =CALENDARIO!J9 -> 0 | ... U9: =CALENDARIO!U9
C10: =CALENDARIO!C10 | D10: =CALENDARIO!D10 -> 0 | E10: =CALENDARIO!E10 -> 0 | F10: =CALENDARIO!F10 | G10: =CALENDARIO!G10 -> 0 | H10: =CALENDARIO!H10 -> 0 | I10: =CALENDARIO!I10 | J10: =CALENDARIO!J10 -> 0 | ... U10: =CALENDARIO!U10
C11: =CALENDARIO!C11 -> 42555 | D11: =CALENDARIO!D11 -> 0 | E11: =CALENDARIO!E11 -> 0 | F11: =CALENDARIO!F11 -> 42556 | G11: =CALENDARIO!G11 -> 0 | H11: =CALENDARIO!H11 -> 0 | I11: =CALENDARIO!I11 -> 42557 | J11: =CALENDARIO!J11 -> 0 | ... U11: =CALENDARIO!U11 -> 42561
C12: =CALENDARIO!C12 | D12: =CALENDARIO!D12 -> 0 | E12: =CALENDARIO!E12 -> 0 | F12: =CALENDARIO!F12 | G12: =CALENDARIO!G12 -> 0 | H12: =CALENDARIO!H12 -> 0 | I12: =CALENDARIO!I12 | J12: =CALENDARIO!J12 -> 0 | ... U12: =CALENDARIO!U12
C13: =CALENDARIO!C13 | D13: =CALENDARIO!D13 -> 0 | E13: =CALENDARIO!E13 -> 0 | F13: =CALENDARIO!F13 | G13: =CALENDARIO!G13 -> 0 | H13: =CALENDARIO!H13 -> 0 | I13: =CALENDARIO!I13 | J13: =CALENDARIO!J13 -> 0 | ... U13: =CALENDARIO!U13
C14: =CALENDARIO!C14 | D14: =CALENDARIO!D14 -> 0 | E14: =CALENDARIO!E14 -> 0 | F14: =CALENDARIO!F14 | G14: =CALENDARIO!G14 -> 0 | H14: =CALENDARIO!H14 -> 0 | I14: =CALENDARIO!I14 | J14: =CALENDARIO!J14 -> 0 | ... U14: =CALENDARIO!U14
C15: =CALENDARIO!C15 | D15: =CALENDARIO!D15 -> 0 | E15: =CALENDARIO!E15 -> 0 | F15: =CALENDARIO!F15 | G15: =CALENDARIO!G15 -> 0 | H15: =CALENDARIO!H15 -> 0 | I15: =CALENDARIO!I15 | J15: =CALENDARIO!J15 -> 0 | ... U15: =CALENDARIO!U15
C16: =CALENDARIO!C16 -> 42562 | D16: =CALENDARIO!D16 -> 0 | E16: =CALENDARIO!E16 -> 0 | F16: =CALENDARIO!F16 -> 42563 | G16: =CALENDARIO!G16 -> 0 | H16: =CALENDARIO!H16 -> 0 | I16: =CALENDARIO!I16 -> 42564 | J16: =CALENDARIO!J16 -> 0 | ... U16: =CALENDARIO!U16 -> 42568
C17: =CALENDARIO!C17 -> Comida en la Cámara de Comercio | D17: =CALENDARIO!D17 -> 0 | E17: =CALENDARIO!E17 -> 0 | F17: =CALENDARIO!F17 -> Muestra de antigüedades | G17: =CALENDARIO!G17 -> 0 | H17: =CALENDARIO!H17 -> 0 | I17: =CALENDARIO!I17 | J17: =CALENDARIO!J17 -> 0 | ... U17: =CALENDARIO!U17
... C30: =CALENDARIO!C30 | D30: =CALENDARIO!D30 -> 0 | E30: =CALENDARIO!E30 -> 0 | F30: =CALENDARIO!F30 | G30: =CALENDARIO!G30 -> 0 | H30: =CALENDARIO!H30 -> 0 | I30: =CALENDARIO!I30 | J30: =CALENDARIO!J30 -> 0 | ... U30: =CALENDARIO!U30
C31: =CALENDARIO!C31 -> 42583 | D31: =CALENDARIO!D31 -> 0 | E31: =CALENDARIO!E31 -> 0 | F31: =CALENDARIO!F31 -> 42584 | I31: =CALENDARIO!I31 -> NOTAS:
C32: =CALENDARIO!C32 | D32: =CALENDARIO!D32 -> 0 | E32: =CALENDARIO!E32 -> 0 | F32: =CALENDARIO!F32
C33: =CALENDARIO!C33 | D33: =CALENDARIO!D33 -> 0 | E33: =CALENDARIO!E33 -> 0 | F33: =CALENDARIO!F33
C34: =CALENDARIO!C34 | D34: =CALENDARIO!D34 -> 0 | E34: =CALENDARIO!E34 -> 0 | F34: =CALENDARIO!F34
C35: =CALENDARIO!C35 | D35: =CALENDARIO!D35 -> 0 | E35: =CALENDARIO!E35 -> 0 | F35: =CALENDARIO!F35

Sheet ADMINISTRADOR
B2: MES | C2: NÚMERO
B3: ENERO | C3: 1
B4: FEBRERO | C4: 2
B5: MARZO | C5: 3
B6: ABRIL | C6: 4
B7: MAYO | C7: 5
B8: JUNIO | C8: 6
B9: JULIO | C9: 7
B10: AGOSTO | C10: 8
B11: SEPTIEMBRE | C11: 9
B12: OCTUBRE | C12: 10
B13: NOVIEMBRE | C13: 11
B14: DICIEMBRE | C14: 12
