Workbook
Name DelimitadorDeTabla: Lista[[#Headers],[Completada]]
Name TítuloDeColumna1: Lista[[#Headers],[Completada]]
Name TotalDeCompra: cálculos!$L$4

Sheet Lista de la compra
M1: =cálculos!M9 -> LÁCTEOS TOTAL
B2: Lista de la compra
C3: Completada | D3: ELEMENTO | E3: TIENDA | F3: CATEGORÍA | G3: CANT. | H3: UNIDAD | I3: PRECIO UNITARIO | J3: TOTAL | K3: COMENTARIO | M3: =cálculos!L9 -> 37
C4: 1 | D4: Naranjas | E4: Artículos | F4: Vegetales | G4: 2 | H4: kg | I4: 2.99 | J4: =IFERROR(Lista[[#This Row],[CANT.]]*Lista[[#This Row],[PRECIO UNITARIO]],"") -> 5.98 | M4: =cálculos!M8 -> VEGETALES TOTAL
D5: Manzanas | E5: Huerto | F5: Vegetales | G5: 3 | H5: kg | I5: 1.99 | J5: =IFERROR(Lista[[#This Row],[CANT.]]*Lista[[#This Row],[PRECIO UNITARIO]],"") -> 5.97 | K5: Tengo un cupón | M5: =cálculos!L8 -> 45
D6: Plátanos | E6: Artículos | F6: Vegetales | G6: 1 | H6: manojo | I6: 3.99 | J6: =IFERROR(Lista[[#This Row],[CANT.]]*Lista[[#This Row],[PRECIO UNITARIO]],"") -> 3.99
D7: Lechuga | E7: Mercado | F7: Vegetales | G7: 2 | H7: cabeza | I7: 2.29 | J7: =IFERROR(Lista[[#This Row],[CANT.]]*Lista[[#This Row],[PRECIO UNITARIO]],"") -> 4.58 | M7: =cálculos!M7 -> CARNE TOTAL
D8: Tomates | E8: Mercado | F8: Vegetales | G8: 4 | H8: kg | I8: 3.49 | J8: =IFERROR(Lista[[#This Row],[CANT.]]*Lista[[#This Row],[PRECIO UNITARIO]],"") -> 13.96 | M8: =cálculos!L7 -> 80
D9: Calabaza | E9: Mercado | F9: Vegetales | G9: 2 | H9: unidad | I9: 1.5 | J9: =IFERROR(Lista[[#This Row],[CANT.]]*Lista[[#This Row],[PRECIO UNITARIO]],"") -> 3
D10: Apio | E10: Artículos | F10: Vegetales | G10: 2 | H10: manojo | I10: 1.99 | J10: =IFERROR(Lista[[#This Row],[CANT.]]*Lista[[#This Row],[PRECIO UNITARIO]],"") -> 3.98 | M10: =cálculos!M6 -> MARISCO TOTAL
D11: Pepino | E11: Mercado | F11: Vegetales | G11: 1 | H11: kg | I11: 2.29 | J11: =IFERROR(Lista[[#This Row],[CANT.]]*Lista[[#This Row],[PRECIO UNITARIO]],"") -> 2.29 | M11: =cálculos!L6 -> 109
D12: Setas | E12: Artículos | F12: Vegetales | G12: 0.5 | H12: kg | I12: 2.25 | J12: =IFERROR(Lista[[#This Row],[CANT.]]*Lista[[#This Row],[PRECIO UNITARIO]],"") -> 1.125 | K12: Champiñón grande
D13: Leche | E13: Entrega a domicilio | F13: Lácteos | G13: 2 | H13: litro | I13: 3.99 | J13: =IFERROR(Lista[[#This Row],[CANT.]]*Lista[[#This Row],[PRECIO UNITARIO]],"") -> 7.98 | M13: =cálculos!M3 -> TOTAL DE OTROS PRODUCTOS
D14: Queso | E14: Entrega a domicilio | F14: Lácteos | G14: 1 | H14: kg | I14: 9.99 | J14: =IFERROR(Lista[[#This Row],[CANT.]]*Lista[[#This Row],[PRECIO UNITARIO]],"") -> 9.99 | K14: Variedad de quesos | M14: =cálculos!L3 -> 0
D15: Huevos | E15: Entrega a domicilio | F15: Lácteos | G15: 2 | H15: docena | I15: 3.5 | J15: =IFERROR(Lista[[#This Row],[CANT.]]*Lista[[#This Row],[PRECIO UNITARIO]],"") -> 7
D16: Requesón | E16: Entrega a domicilio | F16: Lácteos | G16: 1 | H16: 1/2 kg | I16: 3.89 | J16: =IFERROR(Lista[[#This Row],[CANT.]]*Lista[[#This Row],[PRECIO UNITARIO]],"") -> 3.89 | M16: =cálculos!M4 -> TOTAL DE COMPRA
D17: Crema agria | E17: Entrega a domicilio | F17: Lácteos | G17: 1 | H17: 1/4 kg | I17: 2.99 | J17: =IFERROR(Lista[[#This Row],[CANT.]]*Lista[[#This Row],[PRECIO UNITARIO]],"") -> 2.99 | M17: =TotalDeCompra -> 271
D18: Yogur | E18: Artículos | F18: Lácteos | G18: 1 | H18: 1/2 kg | I18: 4.99 | J18: =IFERROR(Lista[[#This Row],[CANT.]]*Lista[[#This Row],[PRECIO UNITARIO]],"") -> 4.99 | K18: Griego con miel
D19: Ternera | E19: Mercado | F19: Carne | G19: 10 | H19: kg | I19: 7.99 | J19: =IFERROR(Lista[[#This Row],[CANT.]]*Lista[[#This Row],[PRECIO UNITARIO]],"") -> 79.9 | K19: Bistecs con panceta
D20: Salmón | E20: Pescadería | F20: Marisco | G20: 6 | H20: kg | I20: 8.99 | J20: =IFERROR(Lista[[#This Row],[CANT.]]*Lista[[#This Row],[PRECIO UNITARIO]],"") -> 53.94
D21: Cangrejo | E21: Pescadería | F21: Marisco | G21: 5 | H21: kg | I21: 10.99 | J21: =IFERROR(Lista[[#This Row],[CANT.]]*Lista[[#This Row],[PRECIO UNITARIO]],"") -> 54.95

Sheet cálculos
A1: *** Esta hoja debe permanecer oculta ***
K3: =SUM(Lista[TOTAL])-SUM(K6:K9) -> 0 | L3: =ROUND(K3,0) -> 0 | M3: TOTAL DE OTROS PRODUCTOS
L4: =ROUNDUP(SUM(Lista[TOTAL]),0) -> 271 | M4: TOTAL DE COMPRA
E6: {=IFERROR(INDEX(Lista[CATEGORÍA],MATCH(,COUNTIF($E$5:E5,Lista[CATEGORÍA]),)),"")} -> Vegetales | F6: =SUMIFS(Lista[TOTAL],Lista[CATEGORÍA],E6) -> 44.875 | G6: =F6+ROW()/1000000 -> 44.875006 | H6: =LARGE($G$6:$G$21,1) -> 108.89001 | I6: =MATCH(H6,$G$6:$G$21,0) -> 4 | J6: =INDEX($E$6:$E$21,$I6) -> Marisco | K6: =INDEX($F$6:$F$21,$I6) -> 108.89 | L6: =ROUND(K6,0) -> 109 | M6: =UPPER(J6) & " TOTAL" -> MARISCO TOTAL
E7: {=IFERROR(INDEX(Lista[CATEGORÍA],MATCH(,COUNTIF($E$5:E6,Lista[CATEGORÍA]),)),"")} -> Lácteos | F7: =SUMIFS(Lista[TOTAL],Lista[CATEGORÍA],E7) -> 36.84 | G7: =F7+ROW()/1000000 -> 36.840007 | H7: =LARGE($G$6:$G$21,2) -> 79.900008 | I7: =MATCH(H7,$G$6:$G$21,0) -> 3 | J7: =INDEX($E$6:$E$21,$I7) -> Carne | K7: =INDEX($F$6:$F$21,$I7) -> 79.9 | L7: =ROUND(K7,0) -> 80 | M7: =UPPER(J7) & " TOTAL" -> CARNE TOTAL
E8: {=IFERROR(INDEX(Lista[CATEGORÍA],MATCH(,COUNTIF($E$5:E7,Lista[CATEGORÍA]),)),"")} -> Carne | F8: =SUMIFS(Lista[TOTAL],Lista[CATEGORÍA],E8) -> 79.9 | G8: =F8+ROW()/1000000 -> 79.900008 | H8: =LARGE($G$6:$G$21,3) -> 44.875006 | I8: =MATCH(H8,$G$6:$G$21,0) -> 1 | J8: =INDEX($E$6:$E$21,$I8) -> Vegetales | K8: =INDEX($F$6:$F$21,$I8) -> 44.875 | L8: =ROUND(K8,0) -> 45 | M8: =UPPER(J8) & " TOTAL" -> VEGETALES TOTAL
E9: {=IFERROR(INDEX(Lista[CATEGORÍA],MATCH(,COUNTIF($E$5:E8,Lista[CATEGORÍA]),)),"")} -> Marisco | F9: =SUMIFS(Lista[TOTAL],Lista[CATEGORÍA],E9) -> 108.89 | G9: =F9+ROW()/1000000 -> 108.89001 | H9: =LARGE($G$6:$G$21,4) -> 36.840007 | I9: =MATCH(H9,$G$6:$G$21,0) -> 2 | J9: =INDEX($E$6:$E$21,$I9) -> Lácteos | K9: =INDEX($F$6:$F$21,$I9) -> 36.84 | L9: =ROUND(K9,0) -> 37 | M9: =UPPER(J9) & " TOTAL" -> LÁCTEOS TOTAL
E10: {=IFERROR(INDEX(Lista[CATEGORÍA],MATCH(,COUNTIF($E$5:E9,Lista[CATEGORÍA]),)),"")} | F10: =SUMIFS(Lista[TOTAL],Lista[CATEGORÍA],E10) -> 0 | G10: =F10+ROW()/1000000 -> 1e-05
E11: {=IFERROR(INDEX(Lista[CATEGORÍA],MATCH(,COUNTIF($E$5:E10,Lista[CATEGORÍA]),)),"")} | F11: =SUMIFS(Lista[TOTAL],Lista[CATEGORÍA],E11) -> 0 | G11: =F11+ROW()/1000000 -> 1.1e-05
E12: {=IFERROR(INDEX(Lista[CATEGORÍA],MATCH(,COUNTIF($E$5:E11,Lista[CATEGORÍA]),)),"")} | F12: =SUMIFS(Lista[TOTAL],Lista[CATEGORÍA],E12) -> 0 | G12: =F12+ROW()/1000000 -> 1.2e-05
E13: {=IFERROR(INDEX(Lista[CATEGORÍA],MATCH(,COUNTIF($E$5:E12,Lista[CATEGORÍA]),)),"")} | F13: =SUMIFS(Lista[TOTAL],Lista[CATEGORÍA],E13) -> 0 | G13: =F13+ROW()/1000000 -> 1.3e-05
E14: {=IFERROR(INDEX(Lista[CATEGORÍA],MATCH(,COUNTIF($E$5:E13,Lista[CATEGORÍA]),)),"")} | F14: =SUMIFS(Lista[TOTAL],Lista[CATEGORÍA],E14) -> 0 | G14: =F14+ROW()/1000000 -> 1.4e-05
E15: {=IFERROR(INDEX(Lista[CATEGORÍA],MATCH(,COUNTIF($E$5:E14,Lista[CATEGORÍA]),)),"")} | F15: =SUMIFS(Lista[TOTAL],Lista[CATEGORÍA],E15) -> 0 | G15: =F15+ROW()/1000000 -> 1.5e-05
E16: {=IFERROR(INDEX(Lista[CATEGORÍA],MATCH(,COUNTIF($E$5:E15,Lista[CATEGORÍA]),)),"")} | F16: =SUMIFS(Lista[TOTAL],Lista[CATEGORÍA],E16) -> 0 | G16: =F16+ROW()/1000000 -> 1.6e-05
E17: {=IFERROR(INDEX(Lista[CATEGORÍA],MATCH(,COUNTIF($E$5:E16,Lista[CATEGORÍA]),)),"")} | F17: =SUMIFS(Lista[TOTAL],Lista[CATEGORÍA],E17) -> 0 | G17: =F17+ROW()/1000000 -> 1.7e-05
E18: {=IFERROR(INDEX(Lista[CATEGORÍA],MATCH(,COUNTIF($E$5:E17,Lista[CATEGORÍA]),)),"")} | F18: =SUMIFS(Lista[TOTAL],Lista[CATEGORÍA],E18) -> 0 | G18: =F18+ROW()/1000000 -> 1.8e-05
E19: {=IFERROR(INDEX(Lista[CATEGORÍA],MATCH(,COUNTIF($E$5:E18,Lista[CATEGORÍA]),)),"")} | F19: =SUMIFS(Lista[TOTAL],Lista[CATEGORÍA],E19) -> 0 | G19: =F19+ROW()/1000000 -> 1.9e-05
E20: {=IFERROR(INDEX(Lista[CATEGORÍA],MATCH(,COUNTIF($E$5:E19,Lista[CATEGORÍA]),)),"")} | F20: =SUMIFS(Lista[TOTAL],Lista[CATEGORÍA],E20) -> 0 | G20: =F20+ROW()/1000000 -> 2e-05
E21: {=IFERROR(INDEX(Lista[CATEGORÍA],MATCH(,COUNTIF($E$5:E20,Lista[CATEGORÍA]),)),"")} | F21: =SUMIFS(Lista[TOTAL],Lista[CATEGORÍA],E21) -> 0 | G21: =F21+ROW()/1000000 -> 2.1e-05
